embedding,sigma_c,sigma_c_std,sigma_c_global,sigma_c_global_std
VGG,0.27399998903274536,0.09399999678134918,0.4350000023841858,0.10100000351667404
Texture,0.13199999928474426,0.05400000140070915,0.210999995470047,0.09399999678134918
Archetype,0.189,0.124,0.323,0.326
