embedding,sigma_c,sigma_c_std,sigma_c_global,sigma_c_global_std
VGG,0.37700000405311584,0.11100000143051147,0.5429999828338623,0.07100000232458115
Texture,0.22699999809265137,0.0729999989271164,0.3230000138282776,0.09600000083446503
Archetype,0.189,0.124,0.323,0.326
